position,sasa_group_category
1,surface
2,surface
3,surface
4,mixed
5,surface
6,interface core
7,interface core
8,surface
9,surface
10,surface
11,surface
12,surface
13,structure core
14,structure core
15,structure core
16,structure core
17,structure core
18,structure core
19,structure core
20,structure core
21,interface core
22,interface core
23,structure core
24,structure core
25,structure core
26,mixed
27,mixed
28,structure core
29,structure core
30,mixed
31,mixed
32,structure core
33,interface core
34,interface core
35,interface core
36,interface core
37,interface core
38,mixed
39,surface
40,surface
41,interface core
42,mixed
43,interface core
44,mixed
45,interface core
46,interface core
47,structure core
48,interface core
49,interface core
50,mixed
51,mixed
52,structure core
53,interface core
54,structure core
55,interface core
56,structure core
57,interface core
58,interface core
59,interface core
60,mixed
61,structure core
62,mixed
63,structure core
64,mixed
65,structure core
66,interface core
67,structure core
68,structure core
69,interface core
70,structure core
71,interface core
72,interface core
73,interface core
74,interface core
75,interface core
76,interface core
77,interface core
78,interface core
79,interface core
80,interface core
81,structure core
82,structure core
83,interface core
84,surface
85,structure core
86,surface
87,structure core
88,structure core
89,structure core
90,structure core
91,structure core
92,structure core
93,structure core
94,structure core
95,interface core
96,interface core
97,interface core
98,interface core
99,structure core
100,structure core
101,interface core
102,interface core
103,structure core
104,interface core
105,interface core
106,structure core
107,mixed
108,interface core
109,interface core
110,structure core
111,mixed
112,interface core
113,interface core
114,mixed
115,surface
116,surface
117,structure core
118,structure core
119,structure core
120,structure core
121,structure core
122,structure core
123,structure core
124,structure core
125,interface core
126,mixed
127,interface core
128,interface core
129,surface
130,interface core
131,interface core
132,interface core
133,structure core
134,interface core
135,interface core
136,mixed
137,interface core
138,mixed
139,interface core
140,mixed
141,interface core
142,interface core
143,interface core
144,interface core
145,interface core
146,mixed
147,interface core
148,structure core
149,structure core
150,mixed
151,structure core
152,structure core
153,structure core
154,interface core
155,interface core
156,interface core
157,interface core
158,structure core
159,interface core
160,interface core
161,interface core
162,structure core
163,structure core
164,structure core
165,structure core
166,structure core
167,structure core
168,interface core
169,surface
170,interface core
171,interface core
172,surface
173,interface core
174,surface
175,surface
176,structure core
177,surface
178,interface core
179,interface core
180,interface core
181,interface core
182,interface core
183,interface core
184,mixed
185,mixed
186,interface core
187,surface
188,surface
189,surface
190,surface
191,mixed
192,surface
193,surface
194,surface
195,mixed
196,mixed
197,surface
198,surface
199,mixed
200,surface
201,surface
202,surface
203,interface core
204,surface
205,surface
206,interface core
207,interface core
208,surface
209,surface
210,surface
211,interface core
212,interface core
213,interface core
214,interface core
215,surface
216,surface
217,surface
218,surface
219,surface
